day,cluster,cluster0,cluster1,tempmax_mu,tempmin_mu,humidity_mu,precip_mu,precipcover_mu,cloudcover_mu,solarradiation_mu,sigma00,sigma01,sigma02,sigma03,sigma04,sigma05,sigma06,sigma10,sigma11,sigma12,sigma13,sigma14,sigma15,sigma16,sigma20,sigma21,sigma22,sigma23,sigma24,sigma25,sigma26,sigma30,sigma31,sigma32,sigma33,sigma34,sigma35,sigma36,sigma40,sigma41,sigma42,sigma43,sigma44,sigma45,sigma46,sigma50,sigma51,sigma52,sigma53,sigma54,sigma55,sigma56,sigma60,sigma61,sigma62,sigma63,sigma64,sigma65,sigma66
0,0,0.4986301369863014,0.5013698630136987,19.41923076923076,11.534615384615376,83.18076923076922,3.196549450549449,4.991208791208791,52.733516483516446,472.27307692307704,59.779025781910406,41.74686179205409,-48.37177303465764,-11.240740236686388,-12.04744632290786,-117.87542476754021,7.39755071851226,41.74686179205409,36.07512045646662,-24.814114539306846,-1.3247877007607785,-2.306206677937447,-52.18764370245142,-4.622639475908707,-48.37177303465764,-24.814114539306846,160.61287193575652,32.317531994928146,28.17802324598479,231.98306213017756,30.81783389687238,-11.240740236686388,-1.3247877007607785,32.317531994928146,85.00993707173042,25.31903059956527,66.65940081511893,-47.47900883347417,-12.04744632290786,-2.306206677937447,28.17802324598479,25.31903059956527,27.17437875860406,67.08583860644852,-24.89603338968725,-117.87542476754021,-52.18764370245142,231.98306213017756,66.65940081511893,67.08583860644852,648.419371150827,-38.874427303465694,7.39755071851226,-4.622639475908707,30.81783389687238,-47.47900883347417,-24.89603338968725,-38.874427303465694,2327.4917476754003
0,1,0.4986301369863014,0.5013698630136987,24.91912568306011,12.069945355191255,65.9289617486339,0.39478142076502726,1.2981420765027318,12.862295081967206,568.3513661202185,83.43225715906713,66.45450924184057,-40.28705664546566,1.1436030875809968,-1.5609480725014184,-32.18507121741468,-127.38284033563275,66.45450924184057,61.88538087133087,-27.1827361223088,1.1028021738481297,0.8361845979276765,-4.131570366388966,-94.49872943354549,-40.28705664546566,-27.1827361223088,193.36588252859138,5.010493215682762,6.150966377019321,123.67628325718891,194.8347418555346,1.1436030875809968,1.1028021738481297,5.010493215682762,11.13391108883514,2.9961256594702754,4.952746949744692,-6.976381122159526,-1.5609480725014184,0.8361845979276765,6.150966377019321,2.9961256594702754,6.569383433366168,8.868186777747916,-9.977112215951518,-32.18507121741468,-4.131570366388966,123.67628325718891,4.952746949744692,8.868186777747916,276.58049090746255,266.8254886679209,-127.38284033563275,-94.49872943354549,194.8347418555346,-6.976381122159526,-9.977112215951518,266.8254886679209,4411.0326620681435
1,0,0.43456450642625416,0.5654354935737459,18.62770764160495,11.301248556095295,85.77229113395694,4.023756383588338,5.728316071755433,58.20580691018981,474.34999090309344,47.583494613786954,34.33668450390361,-35.44497931390038,-6.070946349167277,-10.839809954365869,-96.98403589011056,28.64596602028048,34.33668450390361,30.45316309653188,-19.457117400794658,1.0438580446649224,-2.5335792924555474,-46.04239960728946,9.066916192455302,-35.44497931390038,-19.457117400794658,111.71763583797917,26.087013961084708,22.04314746202339,157.98903320485363,37.83059017799065,-6.070946349167277,1.0438580446649224,26.087013961084708,105.8972735397053,27.872920644126243,44.97646345241574,-33.85446387102242,-10.839809954365869,-2.5335792924555474,22.04314746202339,27.872920644126243,28.341843429065126,50.13201748660768,-18.205190952397416,-96.98403589011056,-46.04239960728946,157.98903320485363,44.97646345241574,50.13201748660768,496.40900669699676,-85.41447080389096,28.64596602028048,9.066916192455302,37.83059017799065,-33.85446387102242,-18.205190952397416,-85.41447080389096,2799.193057045882
1,1,0.43456450642625416,0.5654354935737459,24.904293967537967,12.188644462856498,65.8919362835791,0.07648209378118706,1.1500756485414587,13.174110937188372,555.8691831667692,86.37926004645817,68.23144536367907,-38.86369019633939,-0.27933498086694464,-0.17009451466166553,-32.07689464490801,-117.15993936039918,68.23144536367907,63.0662413862101,-27.448285004325434,-0.13362312533970966,1.5462963577463797,-6.370803242002443,-103.5323518926503,-38.86369019633939,-27.448285004325434,187.0709335367895,0.16203233093962569,1.978133299442104,107.89558516044242,142.2825531979161,-0.27933498086694464,-0.13362312533970966,0.16203233093962569,0.15114018528742887,0.2841397392412883,0.7545078502908716,-1.2205956656761459,-0.17009451466166553,1.5462963577463797,1.978133299442104,0.2841397392412883,4.928293746777468,4.004772043295547,-11.503414776872964,-32.07689464490801,-6.370803242002443,107.89558516044242,0.7545078502908716,4.004772043295547,257.17147431571595,169.51269078667363,-117.15993936039918,-103.5323518926503,142.2825531979161,-1.2205956656761459,-11.503414776872964,169.51269078667363,5005.943341091399
2,0,0.32213541052755673,0.6778645894724432,17.168716687558792,10.783708175789933,88.72780279035193,5.468965346302073,7.292958821623769,66.34898427643569,473.0372715264188,34.012045174104266,25.110584052253188,-25.791210788775775,-0.01978902209803923,-7.2200967388478094,-64.89327774918722,14.414570038270552,25.110584052253188,23.042057612348895,-14.30914813499877,4.351319912521166,-1.6230016530165612,-32.024099972039004,2.0649870258384118,-25.791210788775775,-14.30914813499877,75.39214832076061,18.40673033877843,13.844897937996938,98.11316987428675,-6.66304661387039,-0.01978902209803923,4.351319912521166,18.40673033877843,134.9988553997695,28.991403828486746,15.378789352952525,-35.754369754241026,-7.2200967388478094,-1.6230016530165612,13.844897937996938,28.991403828486746,26.91874877679285,21.17135421728071,-12.56563071522824,-64.89327774918722,-32.024099972039004,98.11316987428675,15.378789352952525,21.17135421728071,322.1479726450748,-105.41393238790386,14.414570038270552,2.0649870258384118,-6.66304661387039,-35.754369754241026,-12.56563071522824,-105.41393238790386,2491.182093975052
2,1,0.32213541052755673,0.6778645894724432,24.556616452474746,12.28740897189361,67.78472634983706,0.04437464463468198,1.1658613927700272,16.773158769225095,542.9724249866612,83.09205801879718,65.43450373341354,-38.2734350479697,-0.18635244786612257,0.5056198106092344,-42.56244719929651,-67.18106398666521,65.43450373341354,60.73608559197074,-24.819515099596376,-0.15218093535543686,1.9321421038617907,-10.083524959811037,-89.18333236372453,-38.2734350479697,-24.819515099596376,193.8088683619145,-0.03966742495260044,0.8581903080865646,134.71111940959463,30.46056612713649,-0.18635244786612257,-0.15218093535543686,-0.03966742495260044,0.0289863224080633,0.1723516788770581,-0.043676432917975364,-0.1630075602047874,0.5056198106092344,1.9321421038617907,0.8581903080865646,0.1723516788770581,4.992372076679597,2.300312240188481,-12.546124264147355,-42.56244719929651,-10.083524959811037,134.71111940959463,-0.043676432917975364,2.300312240188481,323.0048905485499,-77.06804577042232,-67.18106398666521,-89.18333236372453,30.46056612713649,-0.1630075602047874,-12.546124264147355,-77.06804577042232,5619.643714663298
3,0,0.25758694188371994,0.7424130581162794,16.242941278094563,10.255296183534114,89.4980183646837,6.869330765891659,8.721290071807807,67.90854454854963,475.35787169479903,29.4965266628168,21.933359753021644,-18.774285546854365,6.242748770456865,-2.896625011249724,-56.44443395856043,16.669193241712186,21.933359753021644,21.10047034234403,-4.801690021603635,8.791536240115125,0.9501519933287393,-18.943263804753737,-11.205418130833749,-18.774285546854365,-4.801690021603635,83.5522575232109,16.7973414225313,12.399145243957305,127.54322202489001,-97.60958679133476,6.242748770456865,8.791536240115125,16.7973414225313,159.0952134814797,26.341556489450568,6.7182846146335375,-57.93015416162883,-2.896625011249724,0.9501519933287393,12.399145243957305,26.341556489450568,21.48433354839166,17.88003783064498,-22.244758138646816,-56.44443395856043,-18.943263804753737,127.54322202489001,6.7182846146335375,17.88003783064498,378.35384212736756,-278.92215058157115,16.669193241712186,-11.205418130833749,-97.60958679133476,-57.93015416162883,-22.244758138646816,-278.92215058157115,2359.890073427573
3,1,0.25758694188371994,0.7424130581162794,24.235487995589377,12.340008323462044,69.33837094960937,0.03014156639872173,1.2030041628638193,20.542382958475624,536.0868195880863,79.99047593557962,62.006507029335395,-43.62757223161544,-0.051915061914097504,0.498217137082452,-57.64662895204271,-33.928276485261,62.006507029335395,57.67803934656701,-25.641479322968916,-0.027781031558941283,2.057651016908165,-13.020663182681893,-78.32574094309503,-43.62757223161544,-25.641479322968916,205.00377589184887,0.022704245512053432,1.1900407505283066,180.73615734186325,-56.65150584053283,-0.051915061914097504,-0.027781031558941283,0.022704245512053432,0.009927206356845662,0.12844887381967357,-0.04291979591739917,-0.16112523520365457,0.498217137082452,2.057651016908165,1.1900407505283066,0.12844887381967357,5.266197065309215,2.6961054935944047,-17.614672184786404,-57.64662895204271,-13.020663182681893,180.73615734186325,-0.04291979591739917,2.6961054935944047,448.41506009626266,-298.1520098670873,-33.928276485261,-78.32574094309503,-56.65150584053283,-0.16112523520365457,-17.614672184786404,-298.1520098670873,5881.769637661724
4,0,0.2328787218673058,0.7671212781326944,16.21250019172421,9.9690085325383,88.93891148200156,7.627400275366484,9.500490416600249,64.45735250326155,477.91849736101204,32.9851789138648,23.820993412590944,-22.306532870119227,7.186936140326317,-3.4956085637269854,-61.742017555342535,9.782113297584113,23.820993412590944,23.427110273381302,-3.9615257096760734,11.785773206773865,2.173211458038303,-9.570567428314005,-30.153091215776623,-22.306532870119227,-3.9615257096760734,95.45284974182874,22.461637473633118,17.057790055360748,163.88985990176178,-138.70484555161374,7.186936140326317,11.785773206773865,22.461637473633118,170.0119618809176,23.09063117096712,32.1011598189682,-81.82532242122389,-3.4956085637269854,2.173211458038303,17.057790055360748,23.09063117096712,16.82696423748393,38.94808487998225,-33.66896409932924,-61.742017555342535,-9.570567428314005,163.88985990176178,32.1011598189682,38.94808487998225,515.6996132200567,-447.6042228030208,9.782113297584113,-30.153091215776623,-138.70484555161374,-81.82532242122389,-33.66896409932924,-447.6042228030208,2743.40015075054
4,1,0.2328787218673058,0.7671212781326944,23.987297094191618,12.359771529695834,70.15742410055384,0.020294274720792878,1.208615116611763,23.115695406711957,533.3534585172715,79.15298558669068,59.96778831239944,-47.91667848066154,0.010666643804158544,0.6039340332375439,-75.52251681685581,-9.577259027049347,59.96778831239944,55.545948431215955,-25.245502507291427,0.028304540729915784,2.3600136461819456,-17.65557365509765,-69.71492675874876,-47.91667848066154,-25.245502507291427,216.647011604127,-0.05750281016134803,1.6536856153229522,225.21205464197357,-108.23302090648814,0.010666643804158544,0.028304540729915784,-0.05750281016134803,0.004049307300840131,0.08856857620540699,-0.012228077420681579,-0.10240202841951289,0.6039340332375439,2.3600136461819456,1.6536856153229522,0.08856857620540699,5.281846629603889,5.73400206765246,-21.071092414221287,-75.52251681685581,-17.65557365509765,225.21205464197357,-0.012228077420681579,5.73400206765246,565.7392304169724,-429.7026967771682,-9.577259027049347,-69.71492675874876,-108.23302090648814,-0.10240202841951289,-21.071092414221287,-429.7026967771682,5855.648889898312
5,0,0.23128265503069823,0.7687173449693014,16.763360296051555,10.22756911857479,87.98174297967661,7.691164651515971,9.52777381479786,62.03362585407758,479.1770889684872,41.34593329893303,28.61368912125372,-34.34430930107324,3.195208114321266,-6.2510881866171575,-87.4559937064159,26.459509696000485,28.61368912125372,26.351470061820923,-10.234152447040476,9.97702675031178,0.8429065433774011,-23.404606974760387,-22.665368502288697,-34.34430930107324,-10.234152447040476,115.90572940801451,29.652276116223906,21.897842562778425,205.39680444678754,-174.04046403700588,3.195208114321266,9.97702675031178,29.652276116223906,170.61470180689827,22.98358190867206,50.23805018068604,-91.58260084899536,-6.2510881866171575,0.8429065433774011,21.897842562778425,22.98358190867206,16.637055996890577,51.061354489089894,-41.60973891333318,-87.4559937064159,-23.404606974760387,205.39680444678754,50.23805018068604,51.061354489089894,601.4796144316822,-519.9379199786567,26.459509696000485,-22.665368502288697,-174.04046403700588,-91.58260084899536,-41.60973891333318,-519.9379199786567,2826.186640379897
5,1,0.23128265503069823,0.7687173449693014,23.805418170954525,12.277014978441878,70.48440121812006,0.016904023910016597,1.217622602199943,23.930754396149993,532.8596901456457,79.11990343241773,59.43251475615836,-49.67856744274579,-0.019049139200026054,-0.02272124394925388,-80.39617612420832,-1.8266279149460782,59.43251475615836,54.956286287779335,-25.45534358054221,0.007997855007378004,2.0919133812401287,-18.385254808550307,-66.53145844228345,-49.67856744274579,-25.45534358054221,221.40903596612716,-0.02767759617403739,2.79144413032507,238.8457740466463,-122.37897503140907,-0.019049139200026054,0.007997855007378004,-0.02767759617403739,0.002722114078231086,0.07748591689070636,0.054008756112176926,-0.0548918235990547,-0.02272124394925388,2.0919133812401287,2.79144413032507,0.07748591689070636,5.369273067158848,8.59002504714178,-22.353221994030402,-80.39617612420832,-18.385254808550307,238.8457740466463,0.054008756112176926,8.59002504714178,601.2382503817267,-467.4943276487152,-1.8266279149460782,-66.53145844228345,-122.37897503140907,-0.0548918235990547,-22.353221994030402,-467.4943276487152,5871.922389245259
6,0,0.2433279638183876,0.7566720361816127,17.32899341796113,10.519375153538354,86.53142459899442,7.324731347935687,9.32670732350969,59.34610363369304,481.11160426410777,48.14358595424074,33.517302905332194,-47.20330369348776,-0.9613287231080412,-7.883459229795941,-106.66501446060147,46.32976859575432,33.517302905332194,30.10268757255674,-18.06255066146408,7.4206167025033976,-0.17831224732679724,-35.897524731164026,-10.96362064319398,-47.20330369348776,-18.06255066146408,148.9521451620685,38.4260255145919,25.632564630245408,258.9043656774538,-236.47272647242144,-0.9613287231080412,7.4206167025033976,38.4260255145919,164.7469351325234,23.26563556159938,66.7420099934309,-100.66152588427961,-7.883459229795941,-0.17831224732679724,25.632564630245408,23.26563556159938,16.771195123402563,57.07217371209002,-48.40005476234136,-106.66501446060147,-35.897524731164026,258.9043656774538,66.7420099934309,57.07217371209002,685.2373733020802,-595.0371283185826,46.32976859575432,-10.96362064319398,-236.47272647242144,-100.66152588427961,-48.40005476234136,-595.0371283185826,2891.9098878592604
6,1,0.2433279638183876,0.7566720361816127,23.73562492937391,12.215801721076632,70.6722529255722,0.01257537267848229,1.1499932528068946,24.188446563787668,533.092157887858,79.19989600434498,59.09272606980458,-50.016134102289364,-0.032643457275826536,-0.40210776668398185,-82.34517151745607,-0.8748610285507492,59.09272606980458,54.49197661725249,-25.059530542754747,-0.005760956755020163,1.8137188810708156,-18.12358015299252,-66.59902582868426,-50.016134102289364,-25.059530542754747,223.19733211921536,0.01178013866946013,3.89764735219315,243.1492919445139,-121.5906423136985,-0.032643457275826536,-0.005760956755020163,0.01178013866946013,0.001610354421170345,0.05839351846742259,0.09978087438209947,0.008907227257434418,-0.40210776668398185,1.8137188810708156,3.89764735219315,0.05839351846742259,5.104503008310141,10.429777621331962,-21.26145287267835,-82.34517151745607,-18.12358015299252,243.1492919445139,0.09978087438209947,10.429777621331962,614.6597904879363,-478.4345385457886,-0.8748610285507492,-66.59902582868426,-121.5906423136985,0.008907227257434418,-21.26145287267835,-478.4345385457886,5918.930481749762
7,0,0.25572371911056546,0.7442762808894348,17.710946050512664,10.783205295070609,85.65466657429056,6.9811698686909605,9.176396769950816,58.0600847238769,485.01715420047276,51.645204184808605,37.093143891559265,-51.199843001037124,-3.4914890763509723,-8.421244963082342,-109.48142981875255,87.65018002878416,37.093143891559265,33.51710875984076,-21.680916628902644,5.280639246970064,-0.7027994034907867,-40.19058966563384,23.788521408186472,-51.199843001037124,-21.680916628902644,158.7718704251779,42.48303001903125,26.6875049726401,269.57975790290436,-285.50986236936984,-3.4914890763509723,5.280639246970064,42.48303001903125,159.0783847250854,23.15426332163731,72.20273232114941,-121.89988131946359,-8.421244963082342,-0.7027994034907867,26.6875049726401,23.15426332163731,16.61157071872212,57.801756491506055,-51.095121395420314,-109.48142981875255,-40.19058966563384,269.57975790290436,72.20273232114941,57.801756491506055,694.9208680937417,-603.1063619880025,87.65018002878416,23.788521408186472,-285.50986236936984,-121.89988131946359,-51.095121395420314,-603.1063619880025,3633.1864403769337
7,1,0.25572371911056546,0.7442762808894348,23.7110919545548,12.153406697083353,70.70936469756629,0.008836335195506112,1.0654566706902278,24.04476312530383,532.6159858784472,79.461235632114,58.876282785096684,-50.89287481011747,-0.038499557480703564,-0.6065474753318275,-84.500554454009,-6.5101520364822845,58.876282785096684,53.95684209273911,-25.351616932322877,-0.019760835990532823,1.437655690057864,-19.188151715322356,-74.3299950355381,-50.89287481011747,-25.351616932322877,226.1604662877393,0.01814429318117017,4.253546164237411,247.14918475929866,-124.8450478607135,-0.038499557480703564,-0.019760835990532823,0.01814429318117017,0.0006958716684606432,0.03915044767144441,0.060782330571814966,-0.17578043714169278,-0.6065474753318275,1.437655690057864,4.253546164237411,0.03915044767144441,4.681185570927458,9.9645716060787,-26.300074025472313,-84.500554454009,-19.188151715322356,247.14918475929866,0.060782330571814966,9.9645716060787,620.0514996394642,-511.77197084935534,-6.5101520364822845,-74.3299950355381,-124.8450478607135,-0.17578043714169278,-26.300074025472313,-511.77197084935534,5803.68840802454
8,0,0.26449863192584283,0.7355013680741571,17.79413494612924,10.851853236625846,85.38363077618757,6.7519971245921235,9.108759914056154,57.582747146567826,486.67193538141913,53.43345032017425,38.82987787938405,-52.38799834748303,-3.9452043657504783,-8.133565515126223,-112.339140876705,104.6217196443507,38.82987787938405,35.30874985973912,-23.393903102203545,4.633054874315783,-0.5196274863195747,-42.90401625375447,38.2080035612858,-52.38799834748303,-23.393903102203545,161.08464677142402,42.89451997529967,26.54038988078138,273.29621190938565,-291.80952317073036,-3.9452043657504783,4.633054874315783,42.89451997529967,155.33153487955371,22.83622666177798,73.01490386656455,-128.97517875377096,-8.133565515126223,-0.5196274863195747,26.54038988078138,22.83622666177798,16.310067849743458,57.36345024697649,-51.102719023856885,-112.339140876705,-42.90401625375447,273.29621190938565,73.01490386656455,57.36345024697649,703.9183603198766,-617.1095273904295,104.6217196443507,38.2080035612858,-291.80952317073036,-128.97517875377096,-51.102719023856885,-617.1095273904295,3884.7935277451793
8,1,0.26449863192584283,0.7355013680741571,23.75276068480495,12.14506695898072,70.62852851459523,0.008067143442532084,0.9930122964417315,23.810601296758197,532.58877755324,79.07526966918341,58.60093283498526,-50.41253183283617,-0.031221881905071937,-0.4196974022294298,-82.76340289006302,-12.197928521826116,58.60093283498526,53.59988347099906,-25.031566812054653,-0.015535703712858841,1.2974153136662325,-18.47084257955528,-79.51481501344456,-50.41253183283617,-25.031566812054653,226.34836470616028,0.009228783066448896,3.7342161730315135,245.29544365579318,-125.54972721465478,-0.031221881905071937,-0.015535703712858841,0.009228783066448896,0.000616253026029637,0.03546813615669774,0.03919806400353223,-0.15532924955905889,-0.4196974022294298,1.2974153136662325,3.7342161730315135,0.03546813615669774,4.250075275950426,8.450991247306373,-27.341693337286497,-82.76340289006302,-18.47084257955528,245.29544365579318,0.03919806400353223,8.450991247306373,613.6597818435898,-514.465093504513,-12.197928521826116,-79.51481501344456,-125.54972721465478,-0.15532924955905889,-27.341693337286497,-514.465093504513,5767.736547187395
9,0,0.27659630779621613,0.7234036922037835,17.903787808452993,10.936857349989959,84.62991676114063,6.4602863925389205,8.993672846500724,56.42084829808669,488.67793209832115,55.677391128759936,40.85535516346364,-50.85444817727637,-4.49196922223549,-7.491242285269389,-111.88750390755295,124.568058683837,40.85535516346364,37.240106533794425,-23.33646838644029,3.870001291260906,-0.16988309455815376,-43.38445063553464,54.38499538527652,-50.85444817727637,-23.33646838644029,178.8100384183915,45.811007331623735,28.124877100041545,292.1524353798672,-300.97969254562946,-4.49196922223549,3.870001291260906,45.811007331623735,150.39832015692775,22.567591465984044,77.22027651956078,-136.23828993280378,-7.491242285269389,-0.16988309455815376,28.124877100041545,22.567591465984044,16.073045221897793,58.55311923845374,-50.86471319602883,-111.88750390755295,-43.38445063553464,292.1524353798672,77.22027651956078,58.55311923845374,726.075858626899,-640.2464120628091,124.568058683837,54.38499538527652,-300.97969254562946,-136.23828993280378,-50.86471319602883,-640.2464120628091,4169.826381143412
9,1,0.27659630779621613,0.7234036922037835,23.810482184448016,12.134192058085679,70.66996052472231,0.0068233461220456,0.9012944535861037,23.690077247247462,532.5896564376671,78.54405767058238,58.27320299805837,-51.80214917686317,-0.019743551594636664,-0.31992216694165665,-83.08359463306647,-19.942370238460366,58.27320299805837,53.22052319991171,-25.589112594644746,-0.009631634078902022,1.051654607069071,-18.78387861362742,-86.24281487577838,-51.80214917686317,-25.589112594644746,225.30702798233622,0.01805151918903915,3.7031562168251164,245.24187830382417,-131.9046094339915,-0.019743551594636664,-0.009631634078902022,0.01805151918903915,0.00047976535203388826,0.03059367142902551,0.03515041321776251,-0.11570593370545108,-0.31992216694165665,1.051654607069071,3.7031562168251164,0.03059367142902551,3.73830936815185,7.623924650696012,-28.960373298218826,-83.08359463306647,-18.78387861362742,245.24187830382417,0.03515041321776251,7.623924650696012,614.080793344766,-523.3799612555459,-19.942370238460366,-86.24281487577838,-131.9046094339915,-0.11570593370545108,-28.960373298218826,-523.3799612555459,5723.881358491801
10,0,0.2928555507283861,0.7071444492716134,17.97646952158287,10.872549913205871,83.75031217105465,6.107469059142024,8.851932155034847,54.34362729711905,490.75865535020586,57.03740742785324,41.39547890794108,-47.77863818112079,-4.688364218797681,-7.20213405741351,-108.78009510130472,127.2999886247964,41.39547890794108,37.92752502453056,-20.92709557676247,4.03325168062005,0.27055000371065296,-37.410812862756146,50.37898497546083,-47.77863818112079,-20.92709557676247,198.81911769475258,48.52937803827791,28.744188151934733,319.0268294497089,-314.24024269643496,-4.688364218797681,4.03325168062005,48.52937803827791,144.16593332924515,22.164726096161512,85.37751974897382,-141.16074172009934,-7.20213405741351,0.27055000371065296,28.744188151934733,22.164726096161512,15.76027984618207,60.93222448114772,-53.706579456532516,-108.78009510130472,-37.410812862756146,319.0268294497089,85.37751974897382,60.93222448114772,783.3295490907752,-694.1025539499753,127.2999886247964,50.37898497546083,-314.24024269643496,-141.16074172009934,-53.706579456532516,-694.1025539499753,4086.840083562374
10,1,0.2928555507283861,0.7071444492716134,23.916193451411743,12.188354324005786,70.71325969353282,0.004555197162301627,0.773928117016042,23.797761246504706,532.7376036355382,78.04661838075653,58.16233275822558,-53.751804363037124,-0.005573897164650955,0.25169760571192534,-85.27832860413864,-24.026862607044208,58.16233275822558,53.20188754158554,-26.344551277497686,-0.0011315479253978748,1.2684823203398674,-20.010549640265342,-89.11640804586217,-53.751804363037124,-26.344551277497686,223.4570626344734,0.03012651756190412,4.008879558090417,245.6985702184263,-135.70457453513646,-0.005573897164650955,-0.0011315479253978748,0.03012651756190412,0.00023357046499437403,0.01871231276728505,0.05634755265831021,-0.10432428779792936,0.25169760571192534,1.2684823203398674,4.008879558090417,0.01871231276728505,3.004012703232247,8.152146266557432,-28.519206921503795,-85.27832860413864,-20.010549640265342,245.6985702184263,0.05634755265831021,8.152146266557432,617.6776733769498,-529.5478867209263,-24.026862607044208,-89.11640804586217,-135.70457453513646,-0.10432428779792936,-28.519206921503795,-529.5478867209263,5823.508822042566
11,0,0.30173670292514754,0.6982632970748521,18.118027666925087,10.909384245076216,83.55882327829063,5.929963857505276,8.792234577387456,53.6820094437388,491.5085355872884,57.27790217033403,41.12512304107889,-48.61810786629359,-5.378253048263504,-7.241968020993885,-111.27661874072692,129.5175285428242,41.12512304107889,37.74386641145125,-21.01103322902671,3.6974822758241688,0.2801055675877658,-36.602524944440354,49.59295165086441,-48.61810786629359,-21.01103322902671,197.44886334682263,48.220763063528665,28.324189105890373,319.37120259960165,-315.1083075775872,-5.378253048263504,3.6974822758241688,48.220763063528665,140.96163140219105,21.861826442197398,86.72336502761353,-141.3796708105927,-7.241968020993885,0.2801055675877658,28.324189105890373,21.861826442197398,15.531259600453176,60.60304712862881,-54.16007524356048,-111.27661874072692,-36.602524944440354,319.37120259960165,86.72336502761353,60.60304712862881,794.8228819947163,-708.3810654916801,129.5175285428242,49.59295165086441,-315.1083075775872,-141.3796708105927,-54.16007524356048,-708.3810654916801,4021.4315639036336
11,1,0.30173670292514754,0.6982632970748521,23.93056955312272,12.189172911181823,70.63018956748779,0.0036371014228895144,0.6969814505066629,23.695152250725947,532.947488701916,78.47899047975154,58.56577797295518,-53.75618600432099,-0.004891235524028988,0.3313778444304681,-85.11770007776745,-25.637493274641013,58.56577797295518,53.49480388749846,-26.472274957780826,-0.00045638469067272686,1.250727962078124,-20.479088965145554,-90.17106960623002,-53.75618600432099,-26.472274957780826,224.3355933483407,0.024893266916090742,3.529706637205949,245.74369290439014,-133.71654814556885,-0.004891235524028988,-0.00045638469067272686,0.024893266916090742,0.0001603664749626085,0.013298882387891401,0.055525817188134347,-0.09698074268636048,0.3313778444304681,1.250727962078124,3.529706637205949,0.013298882387891401,2.520082360449687,7.557232810953896,-27.35485934900868,-85.11770007776745,-20.479088965145554,245.74369290439014,0.055525817188134347,7.557232810953896,616.0033463368047,-526.6396218150115,-25.637493274641013,-90.17106960623002,-133.71654814556885,-0.09698074268636048,-27.35485934900868,-526.6396218150115,5878.367121077914
12,0,0.31334113098484445,0.6866588690151555,18.216559350212936,10.923762325468257,83.42152346350038,5.7124551187535815,8.645194524281903,53.37492778978246,492.0794675239855,57.61521880460772,40.74365592050083,-49.087005015175656,-5.735669932345709,-7.306385366915875,-113.84788466080443,131.1319606789141,40.74365592050083,37.19495889971365,-20.42977521508646,3.4793634629260284,0.2979025304797256,-36.33277451357317,48.23162886161578,-49.087005015175656,-20.42977521508646,198.01863835610914,47.21071996870081,27.769769041374854,324.1791649255612,-320.6636965252528,-5.735669932345709,3.4793634629260284,47.21071996870081,136.97134099453763,21.883767096350596,85.24582048660078,-139.36954969248842,-7.306385366915875,0.2979025304797256,27.769769041374854,21.883767096350596,15.602809395211194,59.64527609700003,-54.95928527887899,-113.84788466080443,-36.33277451357317,324.1791649255612,85.24582048660078,59.64527609700003,805.229344864039,-724.6265263645276,131.1319606789141,48.23162886161578,-320.6636965252528,-139.36954969248842,-54.95928527887899,-724.6265263645276,3946.031713926619
12,1,0.31334113098484445,0.6866588690151555,23.98383791785753,12.204240031119904,70.4743513115714,0.002738258740558299,0.6272713103545197,23.32850874601385,533.3872687807213,78.62781395571155,59.003111553494044,-53.29006332132043,-0.002394572331856691,0.5402950228349273,-82.68610108414737,-29.738428703423367,59.003111553494044,54.0002664677056,-26.71195021936055,0.00029027019644654346,1.2971255736656488,-20.049681660273727,-92.21316340242025,-53.29006332132043,-26.71195021936055,223.29233342719502,0.01721808117260158,2.949544831436098,239.36760476048062,-124.92222072421616,-0.002394572331856691,0.00029027019644654346,0.01721808117260158,0.0001135423904138476,0.009763461400340798,0.03778863602641679,-0.07628437515249195,0.5402950228349273,1.2971255736656488,2.949544831436098,0.009763461400340798,2.231676844321405,6.095657849526415,-25.68854383447986,-82.68610108414737,-20.049681660273727,239.36760476048062,0.03778863602641679,6.095657849526415,601.2626764207128,-508.532933035263,-29.738428703423367,-92.21316340242025,-124.92222072421616,-0.07628437515249195,-25.68854383447986,-508.532933035263,5936.386032632447
13,0,0.3350363039456433,0.6649636960543565,18.389304457666185,10.953740028731005,83.216138571837,5.346062307839478,8.357637356594754,52.94910174585851,493.00939380470976,59.879973885673536,41.38503107443276,-51.40468120775543,-6.27832881868914,-7.546671698070939,-120.32476248248541,132.20495813001617,41.38503107443276,37.09403765833036,-20.64716306241775,3.095506953821097,0.16100179762063352,-38.06233273094509,45.657703668359225,-51.40468120775543,-20.64716306241775,201.91555388386053,45.240542603210464,26.820584899889734,336.2953423058419,-328.26067790010364,-6.27832881868914,3.095506953821097,45.240542603210464,130.04067189789984,21.98838080395882,81.97927174520859,-135.26580934088403,-7.546671698070939,0.16100179762063352,26.820584899889734,21.98838080395882,15.795936801841908,57.55835780428567,-55.32780839951354,-120.32476248248541,-38.06233273094509,336.2953423058419,81.97927174520859,57.55835780428567,826.5455810682432,-745.3130834517352,132.20495813001617,45.657703668359225,-328.26067790010364,-135.26580934088403,-55.32780839951354,-745.3130834517352,3845.1451813460353
13,1,0.3350363039456433,0.6649636960543565,24.084965579580043,12.230913015675123,70.15541699160998,0.001056359892709582,0.5105609685146937,22.562760063569243,534.2664458430606,78.06576389841307,59.22800578797356,-51.496811287630486,0.0028816098561942082,0.9294502086966067,-76.4904318987735,-37.17265620280469,59.22800578797356,54.58342840091619,-26.582940956520517,0.0016773842654799322,1.4345010671302685,-18.093445461259737,-96.03782815170648,-51.496811287630486,-26.582940956520517,219.24100954842928,0.0007577879554799892,1.8696535599525737,223.40257905923562,-107.22336879974793,0.0028816098561942082,0.0016773842654799322,0.0007577879554799892,2.7556670130319744e-05,0.0038677108118144936,-0.00181346128842307,-0.031905364146609556,0.9294502086966067,1.4345010671302685,1.8696535599525737,0.0038677108118144936,1.868727884629639,3.4624609850978456,-23.246170283153845,-76.4904318987735,-18.093445461259737,223.40257905923562,-0.00181346128842307,3.4624609850978456,566.628721635093,-472.63357044800637,-37.17265620280469,-96.03782815170648,-107.22336879974793,-0.031905364146609556,-23.246170283153845,-472.63357044800637,6033.982998120475
14,0,0.3431294209746158,0.6568705790253841,18.586533824875705,10.985827653454354,82.85296626320492,5.220968540416294,8.258934384988018,52.03160817603021,493.455126636059,62.52449440491424,42.929396538625106,-54.50186780130208,-7.152336362974844,-8.175012489967608,-125.29408574210943,127.53390255581039,42.929396538625106,38.52705402615147,-21.481376137000517,2.856165215638396,0.02590453523749109,-37.36645274732668,39.30946369379535,-54.50186780130208,-21.481376137000517,204.91173145094837,46.05563756973459,27.672382094500275,346.10352503700886,-326.7647874767212,-7.152336362974844,2.856165215638396,46.05563756973459,127.62131805266138,21.980901608715794,84.80091775506821,-134.38385118692958,-8.175012489967608,0.02590453523749109,27.672382094500275,21.980901608715794,15.826735907529168,59.95127720099492,-55.84565308615693,-125.29408574210943,-37.36645274732668,346.10352503700886,84.80091775506821,59.95127720099492,852.5178473692653,-751.2257862587061,127.53390255581039,39.30946369379535,-326.7647874767212,-134.38385118692958,-55.84565308615693,-751.2257862587061,3794.6882449707605
14,1,0.3431294209746158,0.6568705790253841,24.052113527377003,12.2298870941866,70.18420981069372,0.0005472692369315623,0.46543881661058073,22.667649550548916,534.5419249219914,77.66092805492255,58.775200621031466,-51.35130398704111,0.0019185000315302808,0.8193373333021357,-76.98458345573238,-34.1748216167486,58.775200621031466,54.07252448806046,-26.469881430745914,0.0017396492412968076,1.4484695289634173,-18.83872092993283,-94.13497773383395,-51.35130398704111,-26.469881430745914,220.67344025485576,0.0012266754304821902,1.9992044087196599,223.84561557710362,-109.43374184698949,0.0019185000315302808,0.0017396492412968076,0.0012266754304821902,6.065094232484307e-06,0.002027653624834297,0.0005144398794585956,-0.020682034188299562,0.8193373333021357,1.4484695289634173,1.9992044087196599,0.002027653624834297,1.7244351295230602,3.893178235597827,-22.510469061888383,-76.98458345573238,-18.83872092993283,223.84561557710362,0.0005144398794585956,3.893178235597827,567.1590002205504,-477.40312145810117,-34.1748216167486,-94.13497773383395,-109.43374184698949,-0.020682034188299562,-22.510469061888383,-477.40312145810117,6085.369294828693
15,0,0.35197978670445573,0.6480202132955444,18.825219141587244,11.084054457652558,82.49614393362081,5.090132069784853,8.15617321334463,51.14358782250901,493.04865229590723,64.94640601508746,44.81632278707599,-57.13075075266215,-8.183877391599886,-8.920511948942625,-128.98886034979824,111.93852657497277,44.81632278707599,40.46735615260211,-22.819991561403896,2.2852197546710737,-0.3660074743043808,-37.29433766426308,22.883050340053767,-57.13075075266215,-22.819991561403896,205.6080882755263,46.70750101445939,28.39863185539641,350.5411586999233,-314.745939957269,-8.183877391599886,2.2852197546710737,46.70750101445939,125.07601397206528,21.949461851932167,87.17204235452917,-128.9376346969161,-8.920511948942625,-0.3660074743043808,28.39863185539641,21.949461851932167,15.838154634874057,61.983083894468585,-52.82063804298294,-128.98886034979824,-37.29433766426308,350.5411586999233,87.17204235452917,61.983083894468585,868.2329327092752,-749.0670358124344,111.93852657497277,22.883050340053767,-314.745939957269,-128.9376346969161,-52.82063804298294,-749.0670358124344,3854.784924884514
15,1,0.35197978670445573,0.6480202132955444,23.997115200408697,12.19352485105475,70.20499792692068,0.0003144917947160712,0.4148147309039737,22.748948621826774,535.3238510604815,77.52737711106273,58.31200131158933,-51.589019572930596,0.001343287464789841,0.6239473969357033,-78.44956463709697,-26.763845157929183,58.31200131158933,53.33598781895313,-26.49291237367429,0.0016072250597491203,1.331584376526575,-20.24231032667628,-85.76583973350036,-51.589019572930596,-26.49291237367429,223.15960306546344,0.0016488234876903256,2.1043673333067643,226.31277314869314,-111.14583824126457,0.001343287464789841,0.0016072250597491203,0.0016488234876903256,1.899038590445544e-06,0.0011810588856057515,0.0025321602614365325,-0.0103560323896327,0.6239473969357033,1.331584376526575,2.1043673333067643,0.0011810588856057515,1.5577942546656964,4.251093337380043,-19.88072838673334,-78.44956463709697,-20.24231032667628,226.31277314869314,0.0025321602614365325,4.251093337380043,570.8415651204135,-471.95285998511173,-26.763845157929183,-85.76583973350036,-111.14583824126457,-0.0103560323896327,-19.88072838673334,-471.95285998511173,6042.112969800773
16,0,0.28675711716575014,0.71324288283425,17.930771127215447,10.874903708498938,85.13187487849228,5.875677746287393,9.055868842227136,56.61353871742929,490.667506121125,55.34921403560496,39.54462954851434,-48.60026635709795,-5.461944456461502,-6.618967260563647,-110.20661920605498,128.051525351891,39.54462954851434,36.52395886222481,-21.937984009312103,3.5500508792096412,0.5640533240277696,-34.63337454446046,54.28863211276744,-48.60026635709795,-21.937984009312103,162.606296668879,43.264562325102844,22.061497529063367,295.6666815495381,-275.2899203634043,-5.461944456461502,3.5500508792096412,43.264562325102844,147.7359465353519,23.139048257403648,79.44192659088755,-137.15423017240317,-6.618967260563647,0.5640533240277696,22.061497529063367,23.139048257403648,15.101638315312849,49.55324849063858,-53.39311232159186,-110.20661920605498,-34.63337454446046,295.6666815495381,79.44192659088755,49.55324849063858,765.5873069178555,-699.206014086085,128.051525351891,54.28863211276744,-275.2899203634043,-137.15423017240317,-53.39311232159186,-699.206014086085,4037.104577348766
16,1,0.28675711716575014,0.71324288283425,23.883779988207326,12.176157478383217,70.26927721799318,0.14992786877173733,0.7610052743479073,23.146326326410446,532.4153177179112,78.6272233439654,58.81101826913034,-50.4827448740049,-0.48548950680846836,0.182007266154957,-80.45459657287658,-21.904233869008362,58.81101826913034,53.652729654969306,-25.326671804011056,0.03256803153594064,1.1509564135028387,-20.457826778117752,-89.03559681182543,-50.4827448740049,-25.326671804011056,223.81144772744798,1.2601533282719888,2.1326863437946044,228.70778322533425,-133.86774760015817,-0.48548950680846836,0.03256803153594064,1.2601533282719888,1.2107786357203434,0.5111577816356649,2.3494397243962926,-8.761788843666162,0.182007266154957,1.1509564135028387,2.1326863437946044,0.5111577816356649,2.594275640443346,5.2169662109986685,-28.018770048364733,-80.45459657287658,-20.457826778117752,228.70778322533425,2.3494397243962926,5.2169662109986685,575.9562104431614,-500.56386603031365,-21.904233869008362,-89.03559681182543,-133.86774760015817,-8.761788843666162,-28.018770048364733,-500.56386603031365,5840.53945207125
17,0,0.25211595292549877,0.7478840470745014,17.451572621571785,11.08802845080133,86.95228537895862,6.921543673551932,9.723017724743139,60.609216022121586,485.735273901083,49.59269635789958,36.84734794765896,-40.466128278828045,-2.137762180384982,-4.866456736009404,-97.19257004185667,111.24828546870862,36.84734794765896,33.18460532529043,-23.741416901922356,3.4149380261436915,-0.5364642409460226,-44.18937272389054,62.1622808927821,-40.466128278828045,-23.741416901922356,132.828586551659,35.80722956474642,14.997544383700012,228.7304450140652,-212.7215344155294,-2.137762180384982,3.4149380261436915,35.80722956474642,162.6031365541607,20.53404723973047,58.78959868006925,-132.2999196190154,-4.866456736009404,-0.5364642409460226,14.997544383700012,20.53404723973047,13.49322303206038,34.240455412327854,-33.368919262711564,-97.19257004185667,-44.18937272389054,228.7304450140652,58.78959868006925,34.240455412327854,632.4680441665719,-531.5686527367445,111.24828546870862,62.1622808927821,-212.7215344155294,-132.2999196190154,-33.368919262711564,-531.5686527367445,4221.263831281992
17,1,0.25211595292549877,0.7478840470745014,23.769583716578662,12.044039279786945,70.34402564827742,0.06257095397384452,0.9203145354729921,23.349525218591438,532.1442885753829,79.11727479471323,59.42352577145649,-50.879074652285624,-0.23264302272869375,-0.2062362560669173,-81.3544522795771,-15.252211849564102,59.42352577145649,54.217700218754985,-25.847755166107174,-0.14333718036431572,0.664627501892086,-20.82215065433856,-81.38060458743075,-50.879074652285624,-25.847755166107174,221.88222274891962,0.2722972771016591,2.293182422775826,234.3888271969192,-136.8721871978143,-0.23264302272869375,-0.14333718036431572,0.2722972771016591,0.0905831506377607,0.20378623458224893,0.8553212376428628,-1.4628634713134891,-0.2062362560669173,0.664627501892086,2.293182422775826,0.20378623458224893,2.996324289912352,5.660347331196011,-27.65099642251568,-81.3544522795771,-20.82215065433856,234.3888271969192,0.8553212376428628,5.660347331196011,585.912963631609,-512.4153659297094,-15.252211849564102,-81.38060458743075,-136.8721871978143,-1.4628634713134891,-27.65099642251568,-512.4153659297094,5628.55248948009
18,0,0.24333622381050532,0.7566637761894951,17.412944092646438,11.111744143353999,87.00758519306234,7.2636261549859995,9.859265621478121,61.20829288442951,485.4312486783076,47.00437712733431,35.33433369071058,-38.12814298396389,-1.7615389790423415,-4.794011300161894,-91.97155747241679,123.43115220820553,35.33433369071058,32.2956177882278,-20.5273586246406,3.2437182763407004,-0.5112723542555682,-39.83850746258978,66.14297040014014,-38.12814298396389,-20.5273586246406,131.49047636135415,35.79598246680344,16.671479233546975,222.94328052658398,-243.29844344178156,-1.7615389790423415,3.2437182763407004,35.79598246680344,165.58372638829732,19.745656705111926,55.34810453171745,-133.5986071470894,-4.794011300161894,-0.5112723542555682,16.671479233546975,19.745656705111926,13.217198417372067,35.67585782792075,-35.1109169425899,-91.97155747241679,-39.83850746258978,222.94328052658398,55.34810453171745,35.67585782792075,610.4042011856586,-560.5232384520631,123.43115220820553,66.14297040014014,-243.29844344178156,-133.5986071470894,-35.1109169425899,-560.5232384520631,4415.372515250359
18,1,0.24333622381050532,0.7566637761894951,23.70869708892528,12.025319732709312,70.51895086305643,0.032146427911818584,0.9786380632756709,23.58919955800599,531.7035667671312,79.90908424808838,59.753690341379375,-52.397650309013734,-0.09591272931817671,-0.5375002619891778,-84.24662409501167,-15.524945168050156,59.753690341379375,54.284195190254124,-27.147971656688703,-0.07339106175694456,0.519748200267547,-23.00586845765771,-80.22584650463949,-52.397650309013734,-27.147971656688703,223.85749994932902,0.0601941407256653,2.7017519613033154,239.44964283659775,-134.33081382043244,-0.09591272931817671,-0.07339106175694456,0.0601941407256653,0.01592053410768252,0.11165610074727154,0.12064305972002097,-0.4607238541192874,-0.5375002619891778,0.519748200267547,2.7017519613033154,0.11165610074727154,3.3252222129001976,5.967336133015667,-28.964188014206503,-84.24662409501167,-23.00586845765771,239.44964283659775,0.12064305972002097,5.967336133015667,595.1276492484761,-510.641974630784,-15.524945168050156,-80.22584650463949,-134.33081382043244,-0.4607238541192874,-28.964188014206503,-510.641974630784,5565.491839475093
19,0,0.24759510531784945,0.7524048946821509,17.334769348991948,10.888466270994153,87.22730093892942,7.174108048781989,9.65373593795537,61.17941911886572,486.55799370310643,45.08976700385898,34.18128711843937,-38.42460554868017,-1.2016292771573363,-4.921782434643,-87.65945691622548,116.83864240733679,34.18128711843937,32.23866128442589,-19.106092652385616,4.593395550261122,0.446212670970744,-33.00517664293135,54.41728144040304,-38.42460554868017,-19.106092652385616,119.26720032742487,33.29846019925178,18.162286816580114,201.54916753634163,-250.33047521644957,-1.2016292771573363,4.593395550261122,33.29846019925178,163.15528089164283,20.66611128909284,53.69809790737543,-137.90203561958572,-4.921782434643,0.446212670970744,18.162286816580114,20.66611128909284,14.274260252503598,40.45534170563543,-40.80070536519313,-87.65945691622548,-33.00517664293135,201.54916753634163,53.69809790737543,40.45534170563543,582.5664733942145,-593.9171409409294,116.83864240733679,54.41728144040304,-250.33047521644957,-137.90203561958572,-40.80070536519313,-593.9171409409294,4413.698224285409
19,1,0.24759510531784945,0.7524048946821509,23.770058398806842,12.103965311603556,70.35331706143155,0.020671528681423763,0.996004514835029,23.38576353712534,531.5947048580043,80.17132983646974,59.74214297911858,-50.898086592827525,-0.014060231910984763,-0.35859386876994,-83.36161032909907,-14.61140490508792,59.74214297911858,54.26583774329361,-26.261163425185106,-0.0001705119813663914,0.830669355311099,-22.195472137507302,-80.4047843229873,-50.898086592827525,-26.261163425185106,224.43610327126567,-0.02770523095076728,1.7940925308748845,240.4773360915506,-129.94886612946252,-0.014060231910984763,-0.0001705119813663914,-0.02770523095076728,0.005154697355498081,0.07895944496327306,-0.01514390583733194,-0.409353722057068,-0.35859386876994,0.830669355311099,1.7940925308748845,0.07895944496327306,3.662035879500991,4.965652583719019,-31.075294045399012,-83.36161032909907,-22.195472137507302,240.4773360915506,-0.01514390583733194,4.965652583719019,596.8644849498551,-503.91702794794764,-14.61140490508792,-80.4047843229873,-129.94886612946252,-0.409353722057068,-31.075294045399012,-503.91702794794764,5594.317398452627
20,0,0.25469760843276135,0.7453023915672375,17.63788884905375,10.990151782459044,86.6976252196049,6.991975619023438,9.43452694775272,59.93587493374485,487.25961408772565,49.23375644545317,36.0851523871257,-46.29817389702342,-3.1374369011057337,-6.707678422372731,-102.1436678663691,119.82201659642271,36.0851523871257,33.08147131896361,-22.637449238513778,3.791102594180317,-0.17502840749613396,-39.837554409249336,55.50638713948539,-46.29817389702342,-22.637449238513778,129.72278915575052,35.7897067826345,21.333937196972023,223.0673517983402,-262.1584994611238,-3.1374369011057337,3.791102594180317,35.7897067826345,159.7594011566679,21.516527174423057,60.14614865387949,-138.4666555723055,-6.707678422372731,-0.17502840749613396,21.333937196972023,21.516527174423057,15.117433153500798,48.72308830608977,-46.85173553019146,-102.1436678663691,-39.837554409249336,223.0673517983402,60.14614865387949,48.72308830608977,620.0118371500772,-608.6699826966004,119.82201659642271,55.50638713948539,-262.1584994611238,-138.4666555723055,-46.85173553019146,-608.6699826966004,4335.161841985342
20,1,0.25469760843276135,0.7453023915672375,23.727797496963845,12.080798914909275,70.37352310944163,0.014742913747697777,0.9884108737663262,23.450566996746602,531.7841210585576,79.99488031127972,59.59858865025964,-50.14850272171962,-0.025441732626849862,-0.5303776731240114,-82.57127359728125,-13.50200745903397,59.59858865025964,54.25405714182471,-25.714605496845984,-0.0049544295092528185,0.7624521162050384,-21.104954578294386,-80.74699995981332,-50.14850272171962,-25.714605496845984,225.16429664631104,-0.034689425885748755,1.9537123774853475,241.20286041154765,-129.59230298204332,-0.025441732626849862,-0.0049544295092528185,-0.034689425885748755,0.002341628360592971,0.06301153789733836,0.008329292562028965,-0.30951912671050213,-0.5303776731240114,0.7624521162050384,1.9537123774853475,0.06301153789733836,3.839105264521026,5.101630252108115,-30.594623481337393,-82.57127359728125,-21.104954578294386,241.20286041154765,0.008329292562028965,5.101630252108115,602.1817569399889,-509.71218236471685,-13.50200745903397,-80.74699995981332,-129.59230298204332,-0.30951912671050213,-30.594623481337393,-509.71218236471685,5634.47080256524
21,0,0.27169670729941336,0.7283032927005864,18.12355885876113,11.232532741699059,85.2814310712286,6.571477519843765,9.171495254543538,57.47431499719838,488.31849781536533,55.120011745197765,40.438526245803324,-57.07496698911985,-5.998760204261527,-8.181955095843641,-117.90725492323853,124.01323095396451,40.438526245803324,36.50163565780884,-28.600516321415224,2.024893534236482,-1.0604368780441085,-50.031207957685815,57.66247848997904,-57.07496698911985,-28.600516321415224,160.30943147009705,42.47239063801728,24.80523085118288,273.66202674072446,-301.9243772106354,-5.998760204261527,2.024893534236482,42.47239063801728,152.4131127825485,21.83426677083974,71.85784236800566,-136.39203199417562,-8.181955095843641,-1.0604368780441085,24.80523085118288,21.83426677083974,15.413657514620292,54.18693103485667,-50.32798300402471,-117.90725492323853,-50.031207957685815,273.66202674072446,71.85784236800566,54.18693103485667,696.8490166584769,-628.5410519040609,124.01323095396451,57.66247848997904,-301.9243772106354,-136.39203199417562,-50.32798300402471,-628.5410519040609,4228.663621795173
21,1,0.27169670729941336,0.7283032927005864,23.688758838808855,12.015834097945453,70.5208247383175,0.008758154865613127,0.8893978417735746,23.517270488637195,532.428332444769,79.76857407648498,59.07014700077149,-49.810379814367025,-0.03712128795164158,-0.7197168545143559,-82.80184713398005,-14.20031335237529,59.07014700077149,53.61566723455839,-25.060956999981826,-0.021394851473987796,0.47627006685005074,-20.0098231871626,-81.46212618340539,-49.810379814367025,-25.060956999981826,226.2404630914776,0.003362921882594141,2.9279350786495946,241.8059788093052,-124.20564859786629,-0.03712128795164158,-0.021394851473987796,0.003362921882594141,0.0008201556666230839,0.03597742269872583,0.038637238807426075,-0.17850916701781433,-0.7197168545143559,0.47627006685005074,2.9279350786495946,0.03597742269872583,3.422240524893052,5.95373937021263,-27.678541951826507,-82.80184713398005,-20.0098231871626,241.8059788093052,0.038637238807426075,5.95373937021263,606.7742541333148,-516.4424628133788,-14.20031335237529,-81.46212618340539,-124.20564859786629,-0.17850916701781433,-27.678541951826507,-516.4424628133788,5692.598828329414
22,0,0.2761552614636304,0.7238447385363695,18.134210517090676,11.198350831860072,85.10158550800308,6.468454972717206,9.102360987405559,57.160733750744235,488.6082273938436,55.30894579432002,40.76139444130164,-56.45754567877745,-5.968823495574396,-8.125509009723773,-117.8601536058398,122.67590920071044,40.76139444130164,36.973994465080075,-27.88904897370528,2.2075078845655667,-0.9316711814417438,-49.943286668300196,56.094991208642355,-56.45754567877745,-27.88904897370528,160.9022989717435,42.91375824032364,25.221410053447407,273.4802109775825,-300.93048017761373,-5.968823495574396,2.2075078845655667,42.91375824032364,150.59919311670325,21.91602319568122,72.6683774806568,-136.01807301355544,-8.125509009723773,-0.9316711814417438,25.221410053447407,21.91602319568122,15.495484272752774,54.43740008440387,-50.16035024044406,-117.8601536058398,-49.943286668300196,273.4802109775825,72.6683774806568,54.43740008440387,698.3169677142071,-625.1658236244477,122.67590920071044,56.094991208642355,-300.93048017761373,-136.01807301355544,-50.16035024044406,-625.1658236244477,4180.987273033914
22,1,0.2761552614636304,0.7238447385363695,23.718974205296085,12.033699677515449,70.49851931363622,0.0076391009141202745,0.8647594250785365,23.427745473611793,532.5894937175681,79.70182212002247,58.965087995443916,-49.93563093623442,-0.031810420199550236,-0.5908008187745762,-82.2393719007605,-15.26513301030632,58.965087995443916,53.51589750551366,-25.102572917646786,-0.018532412783963777,0.5634529501864354,-19.347985975862688,-82.42162193683487,-49.93563093623442,-25.102572917646786,227.09107575579534,6.366642713551401e-05,2.8336937271360387,242.66406992991966,-124.11436992869243,-0.031810420199550236,-0.018532412783963777,6.366642713551401e-05,0.0006100748588757683,0.03160111383599263,0.021740361087040878,-0.14664806295848978,-0.5908008187745762,0.5634529501864354,2.8336937271360387,0.03160111383599263,3.3291174563355304,5.7047916433764225,-27.420040127113033,-82.2393719007605,-19.347985975862688,242.66406992991966,0.021740361087040878,5.7047916433764225,606.636307597178,-516.7951022236667,-15.26513301030632,-82.42162193683487,-124.11436992869243,-0.14664806295848978,-27.420040127113033,-516.7951022236667,5717.513984966943
23,0,0.28271611354939874,0.717283886450601,18.098994784400755,11.105942889035385,84.7656322364921,6.321071376397244,9.012316431067756,56.45010761506199,489.03711442925254,55.88098043651652,41.07777636774919,-54.12304409715826,-5.613751817583226,-7.666556414105001,-116.27492122653035,125.56965412551816,41.07777636774919,37.389196558027095,-26.18562447043951,2.729200855276446,-0.46956372386646317,-47.3641281351576,56.693810248939236,-54.12304409715826,-26.18562447043951,167.89209273684097,43.99632889983607,26.222821646723606,279.7588496381063,-295.57474028068697,-5.613751817583226,2.729200855276446,43.99632889983607,148.01862904213516,21.965956266666257,75.39000900336171,-135.53111288011203,-7.666556414105001,-0.46956372386646317,26.222821646723606,21.965956266666257,15.552873392301798,55.74690351196537,-49.557276372405894,-116.27492122653035,-47.3641281351576,279.7588496381063,75.39000900336171,55.74690351196537,711.3673420608237,-634.0123294202403,125.56965412551816,56.693810248939236,-295.57474028068697,-135.53111288011203,-49.557276372405894,-634.0123294202403,4130.155138750767
23,1,0.28271611354939874,0.717283886450601,23.783937136228115,12.077762865424548,70.4973633500634,0.00663428294819805,0.8249026279054024,23.39928855771548,532.8227365245692,79.2544431553244,58.74506975585188,-50.59155427339827,-0.02414784496169201,-0.36450780918359466,-81.9192408396352,-19.589690813821264,58.74506975585188,53.43101100108122,-25.227827850752433,-0.013683748060502095,0.7267940383293552,-18.85692776518835,-85.71602862626989,-50.59155427339827,-25.227827850752433,226.8137799241355,0.002168293029523563,2.7309974110719133,243.8645638875745,-126.96869748417879,-0.02414784496169201,-0.013683748060502095,0.002168293029523563,0.0004999931561142242,0.027499682063847803,0.018947699000286495,-0.118620590919741,-0.36450780918359466,0.7267940383293552,2.7309974110719133,0.027499682063847803,3.1544654304295876,5.679348131615094,-27.064794803018028,-81.9192408396352,-18.85692776518835,243.8645638875745,0.018947699000286495,5.679348131615094,608.9424940845975,-516.6410806992142,-19.589690813821264,-85.71602862626989,-126.96869748417879,-0.118620590919741,-27.064794803018028,-516.6410806992142,5748.653275616555
24,0,0.2955357360946385,0.7044642639053614,18.049440756006817,10.959186267235744,83.79766495644857,6.052229999590021,8.87101787780284,54.53438340424474,490.470965800716,56.68393918456772,41.16750150607533,-48.28412812388773,-5.082047484623947,-7.099980862027115,-109.8531496096763,126.17065129906602,41.16750150607533,37.593738491999076,-21.61639030812,3.4790902358994935,0.12627117055329523,-39.26947711430759,52.11003620265246,-48.28412812388773,-21.61639030812,194.70472482544506,47.81377778373943,28.20578665402113,313.08254257284676,-306.2364851226752,-5.082047484623947,3.4790902358994935,47.81377778373943,143.19188356769453,21.850951534784635,83.47497217612427,-138.1691563205751,-7.099980862027115,0.12627117055329523,28.20578665402113,21.850951534784635,15.49548124095857,59.12935257900562,-51.54898016938363,-109.8531496096763,-39.26947711430759,313.08254257284676,83.47497217612427,59.12935257900562,769.7418428106246,-676.0361842523713,126.17065129906602,52.11003620265246,-306.2364851226752,-138.1691563205751,-51.54898016938363,-676.0361842523713,4042.316864633834
24,1,0.2955357360946385,0.7044642639053614,23.908178784646918,12.157014850784392,70.64379391639663,0.0045100219843236195,0.7351879527001547,23.601521583535956,533.0180066535207,78.50197415213323,58.5452890804451,-53.55096655186373,-0.007468654196224161,0.21912208898493032,-84.51564503193876,-24.498188788242064,58.5452890804451,53.484958799754864,-26.462324047542136,-0.003747736603407823,1.088273884882631,-20.02968154755063,-89.19730005494871,-53.55096655186373,-26.462324047542136,224.10648211201837,0.025083726809280726,3.4720413091120355,244.73071242091493,-133.868296891058,-0.007468654196224161,-0.003747736603407823,0.025083726809280726,0.00024845484625373045,0.01730113415705246,0.04453252658227373,-0.09088071520462357,0.21912208898493032,1.088273884882631,3.4720413091120355,0.01730113415705246,2.6872925710326045,6.868749096435522,-26.71415177819589,-84.51564503193876,-20.02968154755063,244.73071242091493,0.04453252658227373,6.868749096435522,614.2551917001504,-524.4984049173709,-24.498188788242064,-89.19730005494871,-133.868296891058,-0.09088071520462357,-26.71415177819589,-524.4984049173709,5831.843559490847
