day,cluster0,cluster1,cluster2,weighted_mean,max
0,4.1283828624491443e-81,0.07147446259835488,0.9285255374016452,1.9285255374016455,2
1,2.659135243299196e-82,1.9353748754205838e-06,0.9999980646251245,1.9999980646251245,2
2,2.3989303285622706e-87,0.928375402201906,0.07162459779809408,1.071624597798094,1
3,3.24107631188866e-67,0.9999999999448458,5.51542891242784e-11,1.0000000000551543,1
4,0.0,1.0,0.0,1.0,1
5,0.0,1.0,0.0,1.0,1
6,2.6150464370707688e-78,1.0,3.7713623049434805e-154,1.0,1
7,2.2044300817777576e-63,1.0,0.0,1.0,1
8,0.0,1.0,0.0,1.0,1
9,4.765361675416805e-71,0.02491130815623097,0.975088691843769,1.975088691843769,2
10,2.928600352253589e-72,1.0,8.122126946225622e-29,1.0,1
11,0.9999999987946292,4.73611352406305e-10,7.317594383053568e-10,1.9371302290170186e-09,0
12,4.948464413709408e-65,1.0,3.554678164433681e-36,1.0,1
13,4.153609591209586e-235,1.0,0.0,1.0,1
14,2.126238134158942e-69,1.2026228097666364e-06,0.9999987973771902,1.9999987973771902,2
15,5.575140281748967e-79,1.8438822540175127e-05,0.9999815611774598,1.9999815611774598,2
16,3.278106881763467e-70,9.184341918387274e-07,0.9999990815658082,1.9999990815658082,2
17,1.9837479508469766e-65,0.9999999999999928,7.172973869045941e-15,1.000000000000007,1
18,8.873867372523593e-64,4.013970232993849e-06,0.999995986029767,1.9999959860297671,2
19,0.0,1.0,0.0,1.0,1
20,2.9376111913221887e-78,1.14878637005313e-05,0.9999885121362995,1.9999885121362995,2
21,1.7454381280781073e-29,2.7292267368920435e-06,0.9999972707732631,1.999997270773263,2
22,0.999999997435185,9.682094785333591e-11,2.46799404067702e-09,5.032809029207376e-09,0
23,0.9999999952059261,1.6384065173668875e-10,4.630233324374148e-09,9.424307300484985e-09,0
24,0.9999999925736596,7.237666659629933e-10,6.7025737030660734e-09,1.4128914072095141e-08,0
25,0.9999999999927305,7.26783322090154e-12,1.7121882000005653e-15,7.271257597301541e-12,0
26,0.9999999999608654,3.909621808741393e-11,3.831190695232745e-14,3.9172841901318585e-11,0
27,0.9919669358763957,0.0002518566397703501,0.007781207483833966,0.01581427160743828,0
28,0.999999938985908,1.6523076004595507e-08,4.449101591261027e-08,1.0550510782981604e-07,0
29,0.9999999999777489,2.223591658170518e-11,1.5327736677360392e-14,2.22665720550599e-11,0
30,0.9999999999760527,2.3885036930103192e-11,6.226050954855673e-14,2.4009557949200305e-11,0
31,0.9999997220688522,4.2256536962313175e-08,2.3567461074471358e-07,5.136057584517403e-07,0
32,0.9999998793428463,7.215736873869985e-09,1.1344141674837472e-07,2.3409857037061944e-07,0
33,1.8700998044797305e-12,8.504981312251621e-05,0.9999149501850073,1.999914950183137,2
34,4.4766880126063336e-117,0.1886100601934634,0.8113899398065366,1.8113899398065367,2
35,6.374721861524689e-104,1.0,0.0,1.0,1
36,2.662082286786089e-64,3.1600697943412733e-06,0.9999968399302056,1.9999968399302055,2
37,1.3508712161544393e-67,1.0,1.5762637924829206e-72,1.0,1
38,8.758975766550557e-59,1.813482855501279e-05,0.9999818651714449,1.999981865171445,2
39,1.5873152234890995e-59,6.893494240109127e-06,0.9999931065057599,1.99999310650576,2
40,1.753141380124531e-63,1.0970992955248784e-05,0.9999890290070448,1.9999890290070448,2
41,3.310242277803451e-69,1.5264767724285994e-05,0.9999847352322757,1.9999847352322757,2
42,2.810848381241562e-54,1.0382982879571041e-05,0.9999896170171204,1.9999896170171203,2
43,1.0966574756854225e-65,1.9412996961057562e-05,0.999980587003039,1.9999805870030392,2
44,0.0,1.0,0.0,1.0,1
45,0.0,1.0,0.0,1.0,1
46,7.022256914413997e-59,0.9999999999364395,6.356056793518691e-11,1.0000000000635607,1
47,5.594142538435049e-95,0.1272276464042002,0.8727723535957997,1.8727723535957996,2
48,2.848396065021775e-91,2.3792483266562227e-05,0.9999762075167336,1.9999762075167338,2
49,4.711192493148566e-97,9.0154860601895e-06,0.9999909845139398,1.9999909845139396,2
50,1.4035424761080027e-45,6.121490568044946e-06,0.999993878509432,1.999993878509432,2
51,0.0,1.0,0.0,1.0,1
52,2.6603510770844905e-51,9.47626514830054e-06,0.9999905237348518,1.9999905237348519,2
53,3.698208042361339e-56,0.0011131527808667606,0.9988868472191332,1.9988868472191332,2
54,2.645135905688944e-65,1.2670219499212364e-05,0.9999873297805008,1.9999873297805006,2
55,2.942458305050969e-126,1.0,0.0,1.0,1
56,0.0,1.0,0.0,1.0,1
57,1.0774819903690188e-97,1.0,5.539165224752916e-36,1.0,1
58,5.088530762414459e-51,2.3206298818611004e-05,0.9999767937011814,1.9999767937011814,2
59,1.7430600632072635e-55,1.9680818621256748e-05,0.9999803191813786,1.9999803191813785,2
60,2.239721223413513e-49,8.645314873200543e-06,0.9999913546851268,1.9999913546851267,2
61,5.184284559184011e-59,1.1563950630692975e-05,0.9999884360493694,1.9999884360493694,2
62,5.023054476317337e-63,1.4893667557489018e-05,0.9999851063324425,1.9999851063324425,2
63,1.0559711280982126e-51,1.765361764597232e-05,0.999982346382354,1.9999823463823538,2
64,2.735125478429799e-171,0.14444768004832753,0.8555523199516725,1.8555523199516726,2
65,1.804595857259047e-236,0.9995998714205395,0.00040012857946055937,1.0004001285794606,1
66,6.701098824702996e-40,0.24179450800172206,0.7582054919982779,1.758205491998278,2
67,9.01645239742639e-56,6.227634790421481e-06,0.9999937723652095,1.9999937723652095,2
68,2.3293906665382932e-43,0.00025947304163471757,0.9997405269583653,1.9997405269583655,2
69,7.878809891721168e-62,1.6181235314467127e-05,0.9999838187646856,1.9999838187646857,2
70,2.1592476225456678e-61,3.697898314144443e-05,0.9999630210168586,1.9999630210168586,2
71,1.0771589225488799e-51,1.3297624619674678e-05,0.9999867023753803,1.9999867023753803,2
72,1.6491161910839917e-57,1.2653976414438041e-05,0.9999873460235856,1.9999873460235857,2
73,1.9357190053289995e-79,6.536598212273055e-05,0.9999346340178773,1.9999346340178774,2
74,6.385269048535691e-118,4.868539058623455e-05,0.9999513146094138,1.9999513146094139,2
75,5.690290012175623e-94,0.00017610452077005472,0.99982389547923,1.99982389547923,2
76,3.3087920295841654e-82,4.023603110891453e-05,0.9999597639688912,1.9999597639688913,2
77,2.192689427887259e-56,2.8934168804903135e-05,0.9999710658311951,1.999971065831195,2
78,1.0421206278463738e-45,2.186832760452431e-05,0.9999781316723955,1.9999781316723955,2
79,6.355148438353416e-45,2.2023094663693682e-05,0.9999779769053363,1.9999779769053363,2
80,1.8314040215175946e-51,3.5498138805332088e-06,0.9999964501861195,1.9999964501861196,2
81,5.025197575958956e-35,4.3242909922750826e-07,0.9999995675709008,1.9999995675709008,2
82,3.3138188697081326e-46,1.4742574685585768e-06,0.9999985257425313,1.9999985257425312,2
83,1.7748276514467457e-52,4.931288602679036e-06,0.9999950687113972,1.999995068711397,2
84,1.407634839017634e-51,1.4268516772720034e-06,0.9999985731483227,1.9999985731483227,2
85,5.283779399618011e-83,5.164619416496786e-05,0.999948353805835,1.999948353805835,2
86,5.698955817538513e-54,1.7836658685816537e-06,0.9999982163341314,1.9999982163341314,2
87,2.3803586532660463e-75,6.783434905480865e-05,0.9999321656509451,1.999932165650945,2
88,0.0,1.0,0.0,1.0,1
89,0.0,1.0,0.0,1.0,1
90,1.703945161610315e-101,0.04927468629386136,0.9507253137061387,1.9507253137061387,2
91,0.0,1.0,0.0,1.0,1
92,1.2916908643190345e-87,0.9999999999999958,4.31799338258151e-15,1.0000000000000044,1
93,1.4089081135926542e-58,1.0,6.86941194099255e-66,1.0,1
94,5.635750040265881e-37,9.44371840125678e-06,0.9999905562815987,1.9999905562815987,2
95,6.037894403686289e-112,1.0,0.0,1.0,1
96,0.0,1.0,0.0,1.0,1
97,2.1885988440301354e-90,8.577679898100823e-06,0.999991422320102,1.999991422320102,2
98,1.8378378583116638e-93,1.0,0.0,1.0,1
99,7.517585878816282e-217,1.0,0.0,1.0,1
100,6.849507345777572e-29,7.113242732954926e-06,0.999992886757267,1.9999928867572672,2
101,3.853571390600051e-33,0.9999999999999645,3.542544008727499e-14,1.0000000000000353,1
102,3.0286312121287454e-46,6.320367612915753e-06,0.9999936796323871,1.999993679632387,2
103,1.2290920526098544e-34,3.741220357075638e-06,0.9999962587796429,1.999996258779643,2
104,4.0355947199415176e-26,1.0933546739469633e-06,0.999998906645326,1.9999989066453259,2
105,8.042594816836558e-35,6.588333718168863e-06,0.9999934116662818,1.9999934116662816,2
106,4.362205565287774e-31,2.1650129433879418e-05,0.9999783498705662,1.9999783498705663,2
107,1.2311051907104144e-31,1.7977990424879836e-05,0.9999820220095752,1.9999820220095752,2
108,1.0637043188769047e-51,4.434551217132009e-06,0.9999955654487829,1.9999955654487829,2
109,2.6409668953915745e-82,5.539201335276623e-06,0.9999944607986647,1.9999944607986646,2
110,0.0,1.0,0.0,1.0,1
111,0.0,1.0,0.0,1.0,1
112,5.586607058418746e-64,7.730134194387106e-06,0.9999922698658056,1.9999922698658055,2
113,0.0,1.0,0.0,1.0,1
114,1.3299618181195477e-186,1.0,0.0,1.0,1
115,3.503785955553068e-49,1.1354637219389784e-05,0.9999886453627805,1.9999886453627804,2
116,7.764337168870758e-56,1.1197417227673287e-05,0.9999888025827723,1.9999888025827723,2
117,4.295183806885774e-44,1.6380546985928186e-05,0.9999836194530141,1.999983619453014,2
118,4.6169408764601535e-31,2.200912569847964e-05,0.9999779908743015,1.9999779908743014,2
119,8.93105154305628e-33,4.518104300846764e-06,0.9999954818956991,1.999995481895699,2
120,3.298413037768113e-126,0.0006432282565946486,0.9993567717434053,1.9993567717434053,2
121,4.911295069119247e-63,0.013754372234724697,0.9862456277652752,1.9862456277652751,2
122,7.741462879868956e-86,0.1675031231235888,0.8324968768764112,1.8324968768764112,2
123,1.3504799000750934e-53,1.0808061549898323e-05,0.99998919193845,1.99998919193845,2
124,0.0,1.0,0.0,1.0,1
125,0.0,1.0,0.0,1.0,1
126,1.3936044769561e-103,0.9999871970015863,1.280299841360244e-05,1.0000128029984134,1
127,6.030746317830147e-102,0.016033949358691568,0.9839660506413085,1.9839660506413086,2
128,1.924457452335446e-67,1.0168838658157636e-05,0.9999898311613419,1.999989831161342,2
129,4.2776499023300614e-47,0.9435702134866303,0.056429786513369766,1.0564297865133698,1
130,1.1895079561271982e-45,8.29390612087546e-06,0.9999917060938791,1.999991706093879,2
131,9.970878654914784e-46,9.238640531954132e-06,0.9999907613594681,1.999990761359468,2
132,5.95362134619577e-42,1.020624488358398e-05,0.9999897937551164,1.9999897937551165,2
133,7.300830163921507e-44,9.909762807506643e-06,0.9999900902371924,1.9999900902371923,2
134,5.319099310850325e-58,1.2860980482373737e-05,0.9999871390195176,1.9999871390195176,2
135,2.054165924490589e-39,8.178775421159669e-06,0.9999918212245789,1.9999918212245789,2
136,3.543559479123604e-38,9.977197062133582e-06,0.9999900228029378,1.9999900228029377,2
137,4.939277603338568e-44,7.479527159663603e-06,0.9999925204728403,1.9999925204728402,2
138,1.3327260626315202e-39,1.0,4.9959133227191545e-149,1.0,1
139,2.3110478044089984e-42,1.0015502565200743e-05,0.9999899844974348,1.999989984497435,2
140,1.9910698329860973e-43,1.1006699156046796e-05,0.999988993300844,1.9999889933008441,2
141,9.048385017525742e-70,1.0341898001568313e-05,0.9999896581019985,1.9999896581019985,2
142,5.1372008880401756e-42,6.3975677733979135e-06,0.9999936024322266,1.9999936024322265,2
143,7.298000634334783e-106,5.700202080408075e-05,0.999942997979196,1.999942997979196,2
144,2.8424028001675505e-61,0.004260789962738972,0.995739210037261,1.9957392100372608,2
145,1.3194891590814182e-89,5.584731362777876e-05,0.9999441526863722,1.9999441526863722,2
146,8.923263135189534e-60,8.869595962056315e-06,0.999991130404038,1.999991130404038,2
147,4.798314135302565e-115,1.0,8.221755453737046e-189,1.0,1
148,5.574923296499148e-61,0.9335709402974428,0.06642905970255716,1.0664290597025572,1
149,2.70310327523354e-61,3.0254591337620035e-06,0.9999969745408662,1.9999969745408661,2
150,1.5211055866627792e-53,7.557837444060404e-06,0.9999924421625559,1.999992442162556,2
151,2.8446209907535653e-40,7.847878571993358e-06,0.9999921521214281,1.9999921521214281,2
152,2.9840484643203355e-38,5.4879920934041675e-06,0.9999945120079066,1.9999945120079066,2
153,1.4646542326293438e-135,0.0055142190077793075,0.9944857809922207,1.9944857809922207,2
154,1.0142425688434129e-51,5.114127611437388e-06,0.9999948858723886,1.9999948858723886,2
155,3.513842127985189e-70,1.4969958584394203e-05,0.9999850300414156,1.9999850300414155,2
156,8.628916300285202e-116,0.00011764783744118993,0.9998823521625587,1.9998823521625586,2
157,2.7267033918870563e-79,0.0009677165891187529,0.9990322834108812,1.9990322834108811,2
158,1.9658163883857237e-47,6.252414273342374e-06,0.9999937475857267,1.9999937475857268,2
159,3.636230878208464e-86,0.9999999999989392,1.0607944284163003e-12,1.0000000000010607,1
160,1.8256009020054988e-50,1.581460828716381e-06,0.9999984185391713,1.9999984185391713,2
161,4.636008108973984e-40,4.108856501984117e-06,0.9999958911434981,1.999995891143498,2
162,1.2882399736657895e-40,3.0132033973897535e-06,0.9999969867966026,1.9999969867966028,2
163,1.1164407728099061e-50,3.5030904933805034e-06,0.9999964969095066,1.9999964969095068,2
164,6.263010946909945e-42,0.023081479391842387,0.9769185206081576,1.9769185206081576,2
165,3.4053756515514248e-46,0.999999999939749,6.025103367083676e-11,1.0000000000602511,1
166,1.2302606994568485e-39,0.1514840013879249,0.8485159986120752,1.8485159986120752,2
167,3.014193697192025e-91,1.0,0.0,1.0,1
168,6.354783361405193e-39,6.544136399270006e-06,0.9999934558636007,1.9999934558636006,2
169,1.1990566838675949e-33,2.1146501539604733e-06,0.9999978853498461,1.9999978853498461,2
170,9.509747133446768e-38,8.24956730930143e-06,0.9999917504326906,1.9999917504326905,2
171,3.621304107065099e-47,7.548213690646619e-06,0.9999924517863094,1.9999924517863095,2
172,5.66466325755402e-79,2.6589585737271005e-05,0.9999734104142627,1.9999734104142626,2
173,2.038855287081843e-111,1.0,4.8133761605637145e-95,1.0,1
174,1.418054669981214e-43,0.003728273091347319,0.9962717269086527,1.9962717269086527,2
175,1.993687902660634e-53,0.0006398115025284368,0.9993601884974715,1.9993601884974714,2
176,4.5073814981620364e-49,5.07693326891487e-07,0.9999994923066731,1.999999492306673,2
177,0.999436799766909,2.535046946661417e-07,0.0005629467283963262,0.0011261469614873185,0
178,0.9998032811200106,0.0001967188799893084,1.0326781109343423e-18,0.00019671887998931045,0
179,0.9999620809371462,3.791906285381609e-05,1.2600569119733167e-176,3.791906285381609e-05,0
180,0.00036275185757097617,0.00020311619106555458,0.9994341319513634,1.9990713800937925,2
181,1.2985981811273212e-48,2.343377028945468e-06,0.999997656622971,1.999997656622971,2
182,0.999996898062081,9.174039016483368e-08,3.010197528687764e-06,6.112135447540362e-06,0
183,1.705538271733969e-21,1.8855084466270188e-06,0.9999981144915534,1.9999981144915535,2
184,3.179746998699509e-44,1.9745499186000724e-06,0.9999980254500813,1.9999980254500813,2
185,7.194424019739079e-57,7.678795955810981e-06,0.9999923212040442,1.9999923212040442,2
186,4.168718466564519e-73,1.0,9.688312416346905e-260,1.0,1
187,2.9320624607357547e-89,0.0003387500675813332,0.9996612499324187,1.9996612499324187,2
188,5.313516221256839e-36,1.0,7.382575036392073e-179,1.0,1
189,3.633132855418829e-43,4.062214103848607e-06,0.9999959377858961,1.999995937785896,2
190,1.5688424802143298e-49,8.227146451826622e-07,0.9999991772853549,1.999999177285355,2
191,3.2160211476065647e-50,3.48668205752919e-06,0.9999965133179425,1.9999965133179425,2
192,1.228279269628216e-48,7.160997229250814e-07,0.9999992839002771,1.9999992839002771,2
193,2.555266932782035e-41,2.13327246698211e-06,0.999997866727533,1.9999978667275329,2
194,6.013911949825201e-38,2.7423428871840277e-07,0.9999997257657113,1.9999997257657112,2
195,5.295564627024569e-43,3.6633298469383573e-06,0.999996336670153,1.999996336670153,2
196,1.784232493882884e-46,2.3445726643170837e-06,0.9999976554273358,1.9999976554273358,2
197,3.723621164516096e-41,7.222626258500642e-07,0.9999992777373742,1.9999992777373743,2
198,3.5206528128573345e-40,2.8374772356067382e-06,0.9999971625227644,1.9999971625227644,2
199,1.225411083001637e-42,3.746221938556055e-07,0.9999996253778062,1.9999996253778063,2
200,2.172206569901166e-39,1.1362430925902066e-07,0.9999998863756908,1.999999886375691,2
201,9.748887689075443e-57,1.9289445945157906e-06,0.9999980710554054,1.9999980710554053,2
202,4.623175818104487e-47,3.1646344458348412e-06,0.9999968353655542,1.9999968353655542,2
203,6.169057343856994e-56,4.538090508550822e-06,0.9999954619094914,1.9999954619094913,2
204,5.308080901642249e-57,4.396632732658095e-06,0.9999956033672673,1.9999956033672672,2
205,1.0018452228840717e-54,0.0003128988978621552,0.9996871011021379,1.999687101102138,2
206,4.7713443759948696e-85,7.739428027065353e-06,0.999992260571973,1.999992260571973,2
207,6.431135772698241e-54,3.6479833113406997e-06,0.9999963520166886,1.9999963520166886,2
208,2.544663795271291e-80,0.0003579323607815126,0.9996420676392186,1.9996420676392186,2
209,1.9198087286743233e-52,2.999390837891491e-06,0.9999970006091622,1.9999970006091623,2
210,8.396524097094526e-99,0.10960783474813367,0.8903921652518663,1.8903921652518663,2
211,3.026513978689065e-54,9.069095631872293e-07,0.9999990930904368,1.9999990930904368,2
212,1.056159649876679e-44,1.733374754660649e-07,0.9999998266625245,1.9999998266625245,2
213,2.17614043927045e-50,0.0015973290715949465,0.9984026709284051,1.998402670928405,2
214,5.929695937312666e-47,1.1370512242174513e-06,0.9999988629487757,1.9999988629487757,2
215,3.736828385622197e-66,3.7753094240820476e-07,0.9999996224690576,1.9999996224690577,2
216,5.678680740888097e-53,2.490991669916231e-06,0.9999975090083301,1.99999750900833,2
217,2.372969856023523e-80,0.00010435207875154955,0.9998956479212484,1.9998956479212484,2
218,9.02090535056286e-81,0.9993926130138996,0.0006073869861005006,1.0006073869861005,1
219,1.8719464389593637e-59,1.0,2.7371346352218007e-155,1.0,1
220,1.3808088377608985e-33,5.563172206871496e-06,0.9999944368277931,1.999994436827793,2
221,1.9043215286689752e-46,3.862293729994142e-06,0.9999961377062699,1.9999961377062698,2
222,2.828272230641195e-55,4.592483141475092e-06,0.9999954075168586,1.9999954075168587,2
223,9.853646595925198e-92,0.00035600610248759655,0.9996439938975125,1.9996439938975126,2
224,0.0,1.0,0.0,1.0,1
225,1.0572661102281563e-62,1.0,0.0,1.0,1
226,3.9517115076049486e-70,2.2936149920906682e-06,0.999997706385008,1.999997706385008,2
227,0.0,1.0,0.0,1.0,1
228,2.5070677699438376e-69,7.496625611710119e-06,0.9999925033743883,1.9999925033743882,2
229,0.0,1.0,0.0,1.0,1
230,0.0,1.0,0.0,1.0,1
231,7.904862851059278e-43,0.9999999999710805,2.8919538517115434e-11,1.0000000000289195,1
232,2.235108002105887e-74,4.992416487771115e-06,0.9999950075835123,1.9999950075835125,2
233,2.8606785607223547e-50,5.644947764174033e-06,0.9999943550522359,1.9999943550522359,2
234,9.28789898235541e-49,7.909594365044271e-06,0.999992090405635,1.999992090405635,2
235,6.251820094436336e-50,9.813303417575413e-06,0.9999901866965825,1.9999901866965826,2
236,2.250777154327671e-40,7.64110334484689e-06,0.999992358896655,1.999992358896655,2
237,4.54837144534951e-87,2.9889216858695455e-05,0.9999701107831412,1.9999701107831411,2
238,2.363240589185628e-97,4.9664135264262564e-05,0.9999503358647358,1.999950335864736,2
239,1.0800828451171958e-46,0.0018626211585623074,0.9981373788414377,1.9981373788414378,2
240,1.0937176132617944e-65,8.351274922771516e-06,0.9999916487250773,1.9999916487250773,2
241,1.6572301276599958e-59,4.797682661593095e-06,0.9999952023173383,1.9999952023173382,2
242,2.102272690049727e-104,0.0012405491142548017,0.9987594508857451,1.9987594508857451,2
243,5.507581220143208e-45,0.003514391145561443,0.9964856088544385,1.9964856088544385,2
244,3.0896332186433824e-61,1.1727054093942809e-05,0.999988272945906,1.999988272945906,2
245,0.0,1.0,0.0,1.0,1
246,1.3115955752111975e-83,0.002122528819725178,0.9978774711802747,1.9978774711802745,2
247,4.0314708618177374e-55,0.0029463169997900195,0.99705368300021,1.9970536830002101,2
248,3.2056713404904385e-52,0.0020816239273174723,0.9979183760726825,1.9979183760726824,2
249,2.57011357713367e-58,4.196627761862649e-06,0.9999958033722381,1.9999958033722383,2
250,2.5346796213045704e-85,0.99603993801414,0.00396006198585993,1.00396006198586,1
251,7.078908698837618e-160,0.03800524009903995,0.9619947599009601,1.9619947599009602,2
252,2.221378345054031e-67,1.0,5.13144920144529e-75,1.0,1
253,1.1202188482404576e-75,8.618557713318554e-06,0.9999913814422867,1.9999913814422867,2
254,2.981431839740265e-54,9.093150038697013e-06,0.9999909068499613,1.9999909068499613,2
255,1.5905807678407842e-55,7.675548895978952e-06,0.999992324451104,1.999992324451104,2
256,1.0254594702880901e-99,8.567713966253266e-06,0.9999914322860337,1.9999914322860337,2
257,0.0,1.0,0.0,1.0,1
258,4.598564665096085e-110,2.2608030202096474e-05,0.9999773919697978,1.9999773919697978,2
259,0.0,1.0,0.0,1.0,1
260,9.560345588492353e-68,0.9999999998484819,1.515180968322896e-10,1.0000000001515181,1
261,4.307852884406219e-94,0.8187636408118899,0.1812363591881101,1.18123635918811,1
262,3.0662786116727653e-62,1.7058125249640563e-05,0.9999829418747503,1.9999829418747503,2
263,5.0337573002290976e-67,1.7729042488304568e-05,0.9999822709575117,1.9999822709575117,2
264,2.3697724889279955e-60,1.4995234131231212e-05,0.9999850047658687,1.9999850047658687,2
265,3.556004615844388e-64,2.4056721484873345e-05,0.9999759432785152,1.9999759432785154,2
266,3.512352405979388e-149,1.0,0.0,1.0,1
267,0.0,1.0,0.0,1.0,1
268,6.4290495358030225e-93,1.0,0.0,1.0,1
269,6.4694006851402244e-102,0.907228178006435,0.09277182199356507,1.0927718219935652,1
270,0.0,1.0,0.0,1.0,1
271,0.0,1.0,0.0,1.0,1
272,0.0,1.0,0.0,1.0,1
273,5.023605067755889e-61,3.7527714649575302e-06,0.9999962472285351,1.999996247228535,2
274,9.700750012093521e-103,4.996731760734697e-06,0.9999950032682393,1.9999950032682394,2
275,6.779070148430065e-48,4.490937446675165e-06,0.9999955090625533,1.9999955090625532,2
276,3.820787834109556e-76,1.4700025431329678e-05,0.9999852999745688,1.9999852999745689,2
277,3.3071282017445756e-224,0.9954174277895886,0.004582572210411354,1.0045825722104114,1
278,4.7044434953131835e-51,8.130281454172235e-06,0.9999918697185458,1.9999918697185457,2
279,3.251734519253361e-34,0.12074828286342275,0.8792517171365772,1.8792517171365772,2
280,5.45158436654138e-59,5.259237622105193e-06,0.9999947407623778,1.9999947407623777,2
281,3.132250389560748e-89,1.1297655551991784e-05,0.9999887023444479,1.9999887023444478,2
282,3.125818901475755e-149,1.0,0.0,1.0,1
283,3.505316594392311e-223,1.0,0.0,1.0,1
284,1.1706095111576347e-58,6.703917813996628e-06,0.999993296082186,1.999993296082186,2
285,3.23088228072387e-61,4.633878819711452e-06,0.9999953661211802,1.9999953661211802,2
286,3.8828429404118153e-57,7.810328471390056e-06,0.9999921896715286,1.9999921896715285,2
287,6.844508241991791e-95,1.1292330596440407e-05,0.9999887076694035,1.9999887076694034,2
288,1.9895331870115464e-74,7.481909773610793e-06,0.9999925180902264,1.9999925180902263,2
289,1.839651414472608e-61,6.532920245969494e-06,0.9999934670797541,1.9999934670797541,2
290,1.3679363810499622e-70,3.668070843042581e-06,0.9999963319291569,1.999996331929157,2
291,2.7403639247240694e-65,1.684988764041677e-06,0.999998315011236,1.9999983150112361,2
292,3.117994695975879e-64,7.024728602953771e-06,0.9999929752713971,1.9999929752713972,2
293,3.4927789221954096e-98,1.5777535293647e-05,0.9999842224647064,1.9999842224647064,2
294,3.426604168470563e-95,0.006710460649171661,0.9932895393508284,1.9932895393508285,2
295,1.098801590067211e-115,7.1479294495317065e-06,0.9999928520705506,1.9999928520705506,2
296,2.3376434605140908e-82,2.9206812860303504e-06,0.999997079318714,1.9999970793187138,2
297,1.5065109986453834e-98,4.836066050002142e-06,0.9999951639339499,1.99999516393395,2
298,2.7878952021398698e-61,1.6456790013841025e-06,0.9999983543209986,1.9999983543209985,2
299,0.9999999956234327,5.364920235466567e-10,3.8400752951311496e-09,8.216642613808955e-09,0
300,0.9999999920908273,1.9206804317976596e-09,5.988492201095959e-09,1.3897664833989578e-08,0
301,3.442182231485709e-59,3.996608853408514e-06,0.9999960033911466,1.9999960033911466,2
302,1.2412253424739143e-41,2.796471750216633e-06,0.9999972035282498,1.9999972035282498,2
303,1.8827701301519907e-59,8.169432531985422e-06,0.999991830567468,1.999991830567468,2
304,2.1973246810884578e-65,9.790534948129428e-06,0.9999902094650518,1.9999902094650517,2
305,4.972949451338881e-55,6.915269927367979e-06,0.9999930847300726,1.9999930847300726,2
306,1.4068859541874582e-74,0.2644246945724731,0.7355753054275269,1.735575305427527,2
307,0.0,1.0,0.0,1.0,1
308,4.281655437645898e-62,1.3399583362262459e-05,0.9999866004166378,1.9999866004166378,2
309,2.5902059281262214e-79,3.5722686628168745e-05,0.9999642773133719,1.999964277313372,2
310,3.1008696439026232e-61,9.778581078922322e-06,0.9999902214189211,1.9999902214189211,2
311,1.1161793703023689e-73,9.651204100190079e-06,0.9999903487958998,1.9999903487958997,2
312,2.504529213709262e-74,5.554981923320954e-06,0.9999944450180768,1.9999944450180769,2
313,0.0,1.0,0.0,1.0,1
314,0.0,1.0,0.0,1.0,1
315,4.4841223113876527e-72,1.725597611449104e-06,0.9999982744023884,1.9999982744023883,2
316,5.029645520707667e-244,0.9999134623756752,8.6537624324605e-05,1.0000865376243244,1
317,5.607051675216444e-268,0.9999958304609823,4.169539017676432e-06,1.0000041695390176,1
318,0.0,1.0,0.0,1.0,1
319,0.0,1.0,0.0,1.0,1
320,0.0,1.0,0.0,1.0,1
321,1.1014740751972922e-160,1.0,0.0,1.0,1
322,0.0,1.0,0.0,1.0,1
323,1.5842075816247898e-65,1.0,0.0,1.0,1
324,0.0,1.0,0.0,1.0,1
325,0.0,1.0,0.0,1.0,1
326,0.0,1.0,0.0,1.0,1
327,4.611499631487102e-59,0.0044180690657911964,0.9955819309342088,1.9955819309342087,2
328,3.597305962127304e-171,1.0,0.0,1.0,1
329,0.0,1.0,0.0,1.0,1
330,1.849592601814952e-59,1.4922709883214471e-05,0.9999850772901169,1.9999850772901169,2
331,4.140777149624715e-92,0.0503320203526532,0.9496679796473468,1.9496679796473468,2
332,2.613632211440291e-104,1.0,3.4492939955873497e-95,1.0,1
333,1.723152453315361e-66,8.334460990519414e-06,0.9999916655390094,1.9999916655390093,2
334,2.602244401780465e-75,1.0565727070702599e-05,0.9999894342729293,1.9999894342729294,2
335,9.682721221552137e-92,1.0,4.7068919573566206e-73,1.0,1
336,0.0,1.0,0.0,1.0,1
337,4.233117163588864e-75,1.0,0.0,1.0,1
338,0.0,1.0,0.0,1.0,1
339,0.0,1.0,0.0,1.0,1
340,4.586322678555625e-93,1.0,0.0,1.0,1
341,1.1383917804268274e-72,1.0,1.356018456465124e-58,1.0,1
342,0.0,1.0,0.0,1.0,1
343,0.0,1.0,0.0,1.0,1
344,0.0,1.0,0.0,1.0,1
345,3.6863293837503064e-94,7.359142176366266e-06,0.9999926408578236,1.9999926408578235,2
346,1.1113538829819332e-106,1.0,3.660788631407298e-54,1.0,1
347,1.7227517691212092e-103,0.9999999999998683,1.316800479843334e-13,1.0000000000001317,1
348,0.0,1.0,0.0,1.0,1
349,0.0,1.0,0.0,1.0,1
350,0.0,1.0,0.0,1.0,1
351,1.4049777262118982e-88,1.0,0.0,1.0,1
352,1.225047871539626e-79,6.068930745195117e-06,0.9999939310692548,1.999993931069255,2
353,1.031501918204764e-85,0.07686869651102554,0.9231313034889744,1.9231313034889743,2
354,3.3190650525079e-85,6.062068016172544e-06,0.9999939379319838,1.9999939379319838,2
355,5.224820413120222e-164,1.0,0.0,1.0,1
356,7.315654033614543e-95,1.0,0.0,1.0,1
357,1.238258554656345e-86,1.0,0.0,1.0,1
358,1.9850326371572277e-78,0.004293516310374074,0.9957064836896259,1.9957064836896259,2
359,7.571484756561995e-66,5.342439577833331e-06,0.9999946575604222,1.9999946575604222,2
360,1.9471012541717747e-71,4.261994388009947e-06,0.9999957380056119,1.999995738005612,2
361,2.808365952863648e-74,0.07773018660038111,0.9222698133996189,1.9222698133996188,2
362,1.1233275968099827e-85,1.0,0.0,1.0,1
363,6.61251729605513e-148,1.0,0.0,1.0,1
364,0.0,1.0,0.0,1.0,1
